
INSERT INTO HALL(HALLID, TOTALSEATS, NAMEOFCINEMA, LOCATIONOFCINEMA) VALUES(0, 100, 'VC', 'Vivo City');
INSERT INTO HALL(HALLID, TOTALSEATS, NAMEOFCINEMA, LOCATIONOFCINEMA) VALUES(1, 200, 'VC', 'Vivo City');
INSERT INTO HALL(HALLID, TOTALSEATS, NAMEOFCINEMA, LOCATIONOFCINEMA) VALUES(2, 100, 'JP', 'Jurong Point');
INSERT INTO HALL(HALLID, TOTALSEATS, NAMEOFCINEMA, LOCATIONOFCINEMA) VALUES(3, 200, 'JP', 'Jurong Point');
INSERT INTO HALL(HALLID, TOTALSEATS, NAMEOFCINEMA, LOCATIONOFCINEMA) VALUES(4, 100, 'CA', 'Changi Airport');
INSERT INTO HALL(HALLID, TOTALSEATS, NAMEOFCINEMA, LOCATIONOFCINEMA) VALUES(5, 200, 'CA', 'Changi Airport');
/*SELECT DISTINCT MOVIETITLE FROM OCCUPY, HALL WHERE OCCUPY.HALLID = HALL.HALLID AND HALL.NAMEOFCINEMA = ;*/

INSERT INTO MOVIE(TITLE, YEAR, ACTORS, DIRECTOR, DESCRIPTION, PRODUCER) VALUES('title0', 2000, 'actor0', 'director0', 'description0', 'produce0');
INSERT INTO MOVIE(TITLE, YEAR, ACTORS, DIRECTOR, DESCRIPTION, PRODUCER) VALUES('title1', 2001, 'actor1', 'director1', 'description1', 'produce1');
INSERT INTO MOVIE(TITLE, YEAR, ACTORS, DIRECTOR, DESCRIPTION, PRODUCER) VALUES('title2', 2002, 'actor2', 'director2', 'description2', 'produce2');
INSERT INTO MOVIE(TITLE, YEAR, ACTORS, DIRECTOR, DESCRIPTION, PRODUCER) VALUES('title3', 2003, 'actor3', 'director3', 'description3', 'produce3');
INSERT INTO MOVIE(TITLE, YEAR, ACTORS, DIRECTOR, DESCRIPTION, PRODUCER) VALUES('title4', 2004, 'actor4', 'director4', 'description4', 'produce4');
INSERT INTO MOVIE(TITLE, YEAR, ACTORS, DIRECTOR, DESCRIPTION, PRODUCER) VALUES('title5', 2005, 'actor5', 'director5', 'description5', 'produce5');

INSERT INTO TIMESLOT(STARTTIME, ENDTIME, HALLID) VALUES(TO_DATE('2014-11-05 10:00:00', 'YYYY-MM-DD HH24:Mi:SS'), 
                                                        TO_DATE('2014-11-05 11:00:00', 'YYYY-MM-DD HH24:Mi:SS'), 0);
INSERT INTO TIMESLOT(STARTTIME, ENDTIME, HALLID) VALUES(TO_DATE('2014-11-05 11:00:00', 'YYYY-MM-DD HH24:Mi:SS'), 
                                                        TO_DATE('2014-11-05 12:00:00', 'YYYY-MM-DD HH24:Mi:SS'), 0);
INSERT INTO TIMESLOT(STARTTIME, ENDTIME, HALLID) VALUES(TO_DATE('2014-11-05 12:00:00', 'YYYY-MM-DD HH24:Mi:SS'), 
                                                        TO_DATE('2014-11-05 13:00:00', 'YYYY-MM-DD HH24:Mi:SS'), 0);
INSERT INTO TIMESLOT(STARTTIME, ENDTIME, HALLID) VALUES(TO_DATE('2014-11-05 13:00:00', 'YYYY-MM-DD HH24:Mi:SS'), 
                                                        TO_DATE('2014-11-05 14:00:00', 'YYYY-MM-DD HH24:Mi:SS'), 0);                                                        
INSERT INTO TIMESLOT(STARTTIME, ENDTIME, HALLID) VALUES(TO_DATE('2014-11-05 14:00:00', 'YYYY-MM-DD HH24:Mi:SS'), 
                                                        TO_DATE('2014-11-05 15:00:00', 'YYYY-MM-DD HH24:Mi:SS'), 0);
INSERT INTO TIMESLOT(STARTTIME, ENDTIME, HALLID) VALUES(TO_DATE('2014-11-05 15:00:00', 'YYYY-MM-DD HH24:Mi:SS'), 
                                                        TO_DATE('2014-11-05 16:00:00', 'YYYY-MM-DD HH24:Mi:SS'), 0);
INSERT INTO TIMESLOT(STARTTIME, ENDTIME, HALLID) VALUES(TO_DATE('2014-11-05 16:00:00', 'YYYY-MM-DD HH24:Mi:SS'), 
                                                        TO_DATE('2014-11-05 17:00:00', 'YYYY-MM-DD HH24:Mi:SS'), 0);   
INSERT INTO TIMESLOT(STARTTIME, ENDTIME, HALLID) VALUES(TO_DATE('2014-11-05 17:00:00', 'YYYY-MM-DD HH24:Mi:SS'), 
                                                        TO_DATE('2014-11-05 18:00:00', 'YYYY-MM-DD HH24:Mi:SS'), 0);  

INSERT INTO TIMESLOT(STARTTIME, ENDTIME, HALLID) VALUES(TO_DATE('2014-11-05 10:00:00', 'YYYY-MM-DD HH24:Mi:SS'), 
                                                        TO_DATE('2014-11-05 11:00:00', 'YYYY-MM-DD HH24:Mi:SS'), 1);
INSERT INTO TIMESLOT(STARTTIME, ENDTIME, HALLID) VALUES(TO_DATE('2014-11-05 11:00:00', 'YYYY-MM-DD HH24:Mi:SS'), 
                                                        TO_DATE('2014-11-05 12:00:00', 'YYYY-MM-DD HH24:Mi:SS'), 1);
INSERT INTO TIMESLOT(STARTTIME, ENDTIME, HALLID) VALUES(TO_DATE('2014-11-05 12:00:00', 'YYYY-MM-DD HH24:Mi:SS'), 
                                                        TO_DATE('2014-11-05 13:00:00', 'YYYY-MM-DD HH24:Mi:SS'), 1);
INSERT INTO TIMESLOT(STARTTIME, ENDTIME, HALLID) VALUES(TO_DATE('2014-11-05 13:00:00', 'YYYY-MM-DD HH24:Mi:SS'), 
                                                        TO_DATE('2014-11-05 14:00:00', 'YYYY-MM-DD HH24:Mi:SS'), 1);                                                        
INSERT INTO TIMESLOT(STARTTIME, ENDTIME, HALLID) VALUES(TO_DATE('2014-11-05 14:00:00', 'YYYY-MM-DD HH24:Mi:SS'), 
                                                        TO_DATE('2014-11-05 15:00:00', 'YYYY-MM-DD HH24:Mi:SS'), 1);
INSERT INTO TIMESLOT(STARTTIME, ENDTIME, HALLID) VALUES(TO_DATE('2014-11-05 15:00:00', 'YYYY-MM-DD HH24:Mi:SS'), 
                                                        TO_DATE('2014-11-05 16:00:00', 'YYYY-MM-DD HH24:Mi:SS'), 1);
INSERT INTO TIMESLOT(STARTTIME, ENDTIME, HALLID) VALUES(TO_DATE('2014-11-05 16:00:00', 'YYYY-MM-DD HH24:Mi:SS'), 
                                                        TO_DATE('2014-11-05 17:00:00', 'YYYY-MM-DD HH24:Mi:SS'), 1);   
INSERT INTO TIMESLOT(STARTTIME, ENDTIME, HALLID) VALUES(TO_DATE('2014-11-05 17:00:00', 'YYYY-MM-DD HH24:Mi:SS'), 
                                                        TO_DATE('2014-11-05 18:00:00', 'YYYY-MM-DD HH24:Mi:SS'), 1);  

INSERT INTO TIMESLOT(STARTTIME, ENDTIME, HALLID) VALUES(TO_DATE('2014-11-05 10:00:00', 'YYYY-MM-DD HH24:Mi:SS'), 
                                                        TO_DATE('2014-11-05 11:00:00', 'YYYY-MM-DD HH24:Mi:SS'), 2);
INSERT INTO TIMESLOT(STARTTIME, ENDTIME, HALLID) VALUES(TO_DATE('2014-11-05 11:00:00', 'YYYY-MM-DD HH24:Mi:SS'), 
                                                        TO_DATE('2014-11-05 12:00:00', 'YYYY-MM-DD HH24:Mi:SS'), 2);
INSERT INTO TIMESLOT(STARTTIME, ENDTIME, HALLID) VALUES(TO_DATE('2014-11-05 12:00:00', 'YYYY-MM-DD HH24:Mi:SS'), 
                                                        TO_DATE('2014-11-05 13:00:00', 'YYYY-MM-DD HH24:Mi:SS'), 2);
INSERT INTO TIMESLOT(STARTTIME, ENDTIME, HALLID) VALUES(TO_DATE('2014-11-05 13:00:00', 'YYYY-MM-DD HH24:Mi:SS'), 
                                                        TO_DATE('2014-11-05 14:00:00', 'YYYY-MM-DD HH24:Mi:SS'), 2);                                                        
INSERT INTO TIMESLOT(STARTTIME, ENDTIME, HALLID) VALUES(TO_DATE('2014-11-05 14:00:00', 'YYYY-MM-DD HH24:Mi:SS'), 
                                                        TO_DATE('2014-11-05 15:00:00', 'YYYY-MM-DD HH24:Mi:SS'), 2);
INSERT INTO TIMESLOT(STARTTIME, ENDTIME, HALLID) VALUES(TO_DATE('2014-11-05 15:00:00', 'YYYY-MM-DD HH24:Mi:SS'), 
                                                        TO_DATE('2014-11-05 16:00:00', 'YYYY-MM-DD HH24:Mi:SS'), 2);
INSERT INTO TIMESLOT(STARTTIME, ENDTIME, HALLID) VALUES(TO_DATE('2014-11-05 16:00:00', 'YYYY-MM-DD HH24:Mi:SS'), 
                                                        TO_DATE('2014-11-05 17:00:00', 'YYYY-MM-DD HH24:Mi:SS'), 2);   
INSERT INTO TIMESLOT(STARTTIME, ENDTIME, HALLID) VALUES(TO_DATE('2014-11-05 17:00:00', 'YYYY-MM-DD HH24:Mi:SS'), 
                                                        TO_DATE('2014-11-05 18:00:00', 'YYYY-MM-DD HH24:Mi:SS'), 2);  

INSERT INTO TIMESLOT(STARTTIME, ENDTIME, HALLID) VALUES(TO_DATE('2014-11-05 10:00:00', 'YYYY-MM-DD HH24:Mi:SS'), 
                                                        TO_DATE('2014-11-05 11:00:00', 'YYYY-MM-DD HH24:Mi:SS'), 3);
INSERT INTO TIMESLOT(STARTTIME, ENDTIME, HALLID) VALUES(TO_DATE('2014-11-05 11:00:00', 'YYYY-MM-DD HH24:Mi:SS'), 
                                                        TO_DATE('2014-11-05 12:00:00', 'YYYY-MM-DD HH24:Mi:SS'), 3);
INSERT INTO TIMESLOT(STARTTIME, ENDTIME, HALLID) VALUES(TO_DATE('2014-11-05 12:00:00', 'YYYY-MM-DD HH24:Mi:SS'), 
                                                        TO_DATE('2014-11-05 13:00:00', 'YYYY-MM-DD HH24:Mi:SS'), 3);
INSERT INTO TIMESLOT(STARTTIME, ENDTIME, HALLID) VALUES(TO_DATE('2014-11-05 13:00:00', 'YYYY-MM-DD HH24:Mi:SS'), 
                                                        TO_DATE('2014-11-05 14:00:00', 'YYYY-MM-DD HH24:Mi:SS'), 3);                                                        
INSERT INTO TIMESLOT(STARTTIME, ENDTIME, HALLID) VALUES(TO_DATE('2014-11-05 14:00:00', 'YYYY-MM-DD HH24:Mi:SS'), 
                                                        TO_DATE('2014-11-05 15:00:00', 'YYYY-MM-DD HH24:Mi:SS'), 3);
INSERT INTO TIMESLOT(STARTTIME, ENDTIME, HALLID) VALUES(TO_DATE('2014-11-05 15:00:00', 'YYYY-MM-DD HH24:Mi:SS'), 
                                                        TO_DATE('2014-11-05 16:00:00', 'YYYY-MM-DD HH24:Mi:SS'), 3);
INSERT INTO TIMESLOT(STARTTIME, ENDTIME, HALLID) VALUES(TO_DATE('2014-11-05 16:00:00', 'YYYY-MM-DD HH24:Mi:SS'), 
                                                        TO_DATE('2014-11-05 17:00:00', 'YYYY-MM-DD HH24:Mi:SS'), 3);   
INSERT INTO TIMESLOT(STARTTIME, ENDTIME, HALLID) VALUES(TO_DATE('2014-11-05 17:00:00', 'YYYY-MM-DD HH24:Mi:SS'), 
                                                        TO_DATE('2014-11-05 18:00:00', 'YYYY-MM-DD HH24:Mi:SS'), 3);  
                                                        
INSERT INTO TIMESLOT(STARTTIME, ENDTIME, HALLID) VALUES(TO_DATE('2014-11-05 10:00:00', 'YYYY-MM-DD HH24:Mi:SS'), 
                                                        TO_DATE('2014-11-05 11:00:00', 'YYYY-MM-DD HH24:Mi:SS'), 4);
INSERT INTO TIMESLOT(STARTTIME, ENDTIME, HALLID) VALUES(TO_DATE('2014-11-05 11:00:00', 'YYYY-MM-DD HH24:Mi:SS'), 
                                                        TO_DATE('2014-11-05 12:00:00', 'YYYY-MM-DD HH24:Mi:SS'), 4);
INSERT INTO TIMESLOT(STARTTIME, ENDTIME, HALLID) VALUES(TO_DATE('2014-11-05 12:00:00', 'YYYY-MM-DD HH24:Mi:SS'), 
                                                        TO_DATE('2014-11-05 13:00:00', 'YYYY-MM-DD HH24:Mi:SS'), 4);
INSERT INTO TIMESLOT(STARTTIME, ENDTIME, HALLID) VALUES(TO_DATE('2014-11-05 13:00:00', 'YYYY-MM-DD HH24:Mi:SS'), 
                                                        TO_DATE('2014-11-05 14:00:00', 'YYYY-MM-DD HH24:Mi:SS'), 4);                                                        
INSERT INTO TIMESLOT(STARTTIME, ENDTIME, HALLID) VALUES(TO_DATE('2014-11-05 14:00:00', 'YYYY-MM-DD HH24:Mi:SS'), 
                                                        TO_DATE('2014-11-05 15:00:00', 'YYYY-MM-DD HH24:Mi:SS'), 4);
INSERT INTO TIMESLOT(STARTTIME, ENDTIME, HALLID) VALUES(TO_DATE('2014-11-05 15:00:00', 'YYYY-MM-DD HH24:Mi:SS'), 
                                                        TO_DATE('2014-11-05 16:00:00', 'YYYY-MM-DD HH24:Mi:SS'), 4);
INSERT INTO TIMESLOT(STARTTIME, ENDTIME, HALLID) VALUES(TO_DATE('2014-11-05 16:00:00', 'YYYY-MM-DD HH24:Mi:SS'), 
                                                        TO_DATE('2014-11-05 17:00:00', 'YYYY-MM-DD HH24:Mi:SS'), 4);   
INSERT INTO TIMESLOT(STARTTIME, ENDTIME, HALLID) VALUES(TO_DATE('2014-11-05 17:00:00', 'YYYY-MM-DD HH24:Mi:SS'), 
                                                        TO_DATE('2014-11-05 18:00:00', 'YYYY-MM-DD HH24:Mi:SS'), 4);  
                                                        
INSERT INTO TIMESLOT(STARTTIME, ENDTIME, HALLID) VALUES(TO_DATE('2014-11-05 10:00:00', 'YYYY-MM-DD HH24:Mi:SS'), 
                                                        TO_DATE('2014-11-05 11:00:00', 'YYYY-MM-DD HH24:Mi:SS'), 5);
INSERT INTO TIMESLOT(STARTTIME, ENDTIME, HALLID) VALUES(TO_DATE('2014-11-05 11:00:00', 'YYYY-MM-DD HH24:Mi:SS'), 
                                                        TO_DATE('2014-11-05 12:00:00', 'YYYY-MM-DD HH24:Mi:SS'), 5);
INSERT INTO TIMESLOT(STARTTIME, ENDTIME, HALLID) VALUES(TO_DATE('2014-11-05 12:00:00', 'YYYY-MM-DD HH24:Mi:SS'), 
                                                        TO_DATE('2014-11-05 13:00:00', 'YYYY-MM-DD HH24:Mi:SS'), 5);
INSERT INTO TIMESLOT(STARTTIME, ENDTIME, HALLID) VALUES(TO_DATE('2014-11-05 13:00:00', 'YYYY-MM-DD HH24:Mi:SS'), 
                                                        TO_DATE('2014-11-05 14:00:00', 'YYYY-MM-DD HH24:Mi:SS'), 5);                                                        
INSERT INTO TIMESLOT(STARTTIME, ENDTIME, HALLID) VALUES(TO_DATE('2014-11-05 14:00:00', 'YYYY-MM-DD HH24:Mi:SS'), 
                                                        TO_DATE('2014-11-05 15:00:00', 'YYYY-MM-DD HH24:Mi:SS'), 5);
INSERT INTO TIMESLOT(STARTTIME, ENDTIME, HALLID) VALUES(TO_DATE('2014-11-05 15:00:00', 'YYYY-MM-DD HH24:Mi:SS'), 
                                                        TO_DATE('2014-11-05 16:00:00', 'YYYY-MM-DD HH24:Mi:SS'), 5);
INSERT INTO TIMESLOT(STARTTIME, ENDTIME, HALLID) VALUES(TO_DATE('2014-11-05 16:00:00', 'YYYY-MM-DD HH24:Mi:SS'), 
                                                        TO_DATE('2014-11-05 17:00:00', 'YYYY-MM-DD HH24:Mi:SS'), 5);   
INSERT INTO TIMESLOT(STARTTIME, ENDTIME, HALLID) VALUES(TO_DATE('2014-11-05 17:00:00', 'YYYY-MM-DD HH24:Mi:SS'), 
                                                        TO_DATE('2014-11-05 18:00:00', 'YYYY-MM-DD HH24:Mi:SS'), 5);      
                                                        
INSERT INTO OCCUPY(PRICE, MOVIETYPE, MOVIETITLE, MOVIEYEAR, STARTTIME, ENDTIME, HALLID)
            VALUES(10, 'IMAX', 'title0', 2000, TO_DATE('2014-11-05 10:00:00', 'YYYY-MM-DD HH24:Mi:SS'), 
                                               TO_DATE('2014-11-05 11:00:00', 'YYYY-MM-DD HH24:Mi:SS'), 0);
INSERT INTO OCCUPY(PRICE, MOVIETYPE, MOVIETITLE, MOVIEYEAR, STARTTIME, ENDTIME, HALLID)
            VALUES(10, '3D', 'title1', 2001, TO_DATE('2014-11-05 11:00:00', 'YYYY-MM-DD HH24:Mi:SS'), 
                                             TO_DATE('2014-11-05 12:00:00', 'YYYY-MM-DD HH24:Mi:SS'), 1);
INSERT INTO OCCUPY(PRICE, MOVIETYPE, MOVIETITLE, MOVIEYEAR, STARTTIME, ENDTIME, HALLID)
            VALUES(10, 'IMAX', 'title2', 2002, TO_DATE('2014-11-05 12:00:00', 'YYYY-MM-DD HH24:Mi:SS'), 
                                               TO_DATE('2014-11-05 13:00:00', 'YYYY-MM-DD HH24:Mi:SS'), 2); 
INSERT INTO OCCUPY(PRICE, MOVIETYPE, MOVIETITLE, MOVIEYEAR, STARTTIME, ENDTIME, HALLID)
            VALUES(10, '3D', 'title3', 2003, TO_DATE('2014-11-05 13:00:00', 'YYYY-MM-DD HH24:Mi:SS'), 
                                             TO_DATE('2014-11-05 14:00:00', 'YYYY-MM-DD HH24:Mi:SS'), 3);  
INSERT INTO OCCUPY(PRICE, MOVIETYPE, MOVIETITLE, MOVIEYEAR, STARTTIME, ENDTIME, HALLID)
            VALUES(10, 'IMAX', 'title4', 2004, TO_DATE('2014-11-05 14:00:00', 'YYYY-MM-DD HH24:Mi:SS'), 
                                             TO_DATE('2014-11-05 15:00:00', 'YYYY-MM-DD HH24:Mi:SS'), 4);  
INSERT INTO OCCUPY(PRICE, MOVIETYPE, MOVIETITLE, MOVIEYEAR, STARTTIME, ENDTIME, HALLID)
            VALUES(10, '3D', 'title5', 2005, TO_DATE('2014-11-05 15:00:00', 'YYYY-MM-DD HH24:Mi:SS'), 
                                             TO_DATE('2014-11-05 16:00:00', 'YYYY-MM-DD HH24:Mi:SS'), 5);
                                             
INSERT INTO OCCUPY(PRICE, MOVIETYPE, MOVIETITLE, MOVIEYEAR, STARTTIME, ENDTIME, HALLID)
            VALUES(10, 'IMAX', 'title0', 2000, TO_DATE('2014-11-05 10:00:00', 'YYYY-MM-DD HH24:Mi:SS'), 
                                               TO_DATE('2014-11-05 11:00:00', 'YYYY-MM-DD HH24:Mi:SS'), 1);                                           
INSERT INTO OCCUPY(PRICE, MOVIETYPE, MOVIETITLE, MOVIEYEAR, STARTTIME, ENDTIME, HALLID)
            VALUES(10, '3D', 'title1', 2001, TO_DATE('2014-11-05 11:00:00', 'YYYY-MM-DD HH24:Mi:SS'), 
                                             TO_DATE('2014-11-05 12:00:00', 'YYYY-MM-DD HH24:Mi:SS'), 2);
INSERT INTO OCCUPY(PRICE, MOVIETYPE, MOVIETITLE, MOVIEYEAR, STARTTIME, ENDTIME, HALLID)
            VALUES(10, 'IMAX', 'title2', 2002, TO_DATE('2014-11-05 12:00:00', 'YYYY-MM-DD HH24:Mi:SS'), 
                                               TO_DATE('2014-11-05 13:00:00', 'YYYY-MM-DD HH24:Mi:SS'), 3); 
INSERT INTO OCCUPY(PRICE, MOVIETYPE, MOVIETITLE, MOVIEYEAR, STARTTIME, ENDTIME, HALLID)
            VALUES(10, '3D', 'title3', 2003, TO_DATE('2014-11-05 13:00:00', 'YYYY-MM-DD HH24:Mi:SS'), 
                                             TO_DATE('2014-11-05 14:00:00', 'YYYY-MM-DD HH24:Mi:SS'), 4);  
INSERT INTO OCCUPY(PRICE, MOVIETYPE, MOVIETITLE, MOVIEYEAR, STARTTIME, ENDTIME, HALLID)
            VALUES(10, 'IMAX', 'title4', 2004, TO_DATE('2014-11-05 14:00:00', 'YYYY-MM-DD HH24:Mi:SS'), 
                                             TO_DATE('2014-11-05 15:00:00', 'YYYY-MM-DD HH24:Mi:SS'), 5);  
INSERT INTO OCCUPY(PRICE, MOVIETYPE, MOVIETITLE, MOVIEYEAR, STARTTIME, ENDTIME, HALLID)
            VALUES(10, '3D', 'title5', 2005, TO_DATE('2014-11-05 15:00:00', 'YYYY-MM-DD HH24:Mi:SS'), 
                                             TO_DATE('2014-11-05 16:00:00', 'YYYY-MM-DD HH24:Mi:SS'), 0); 

INSERT INTO SUBSCRIBER(SUBSCRIBERID, USERNAME, USERTYPE) VALUES(0, 'user0', 'STUDENT');
INSERT INTO SUBSCRIBER(SUBSCRIBERID, USERNAME, USERTYPE) VALUES(1, 'user1', 'STUDENT');
INSERT INTO SUBSCRIBER(SUBSCRIBERID, USERNAME, USERTYPE) VALUES(2, 'user2', 'VIP');
INSERT INTO SUBSCRIBER(SUBSCRIBERID, USERNAME, USERTYPE) VALUES(3, 'user3', 'SENIOR');
INSERT INTO SUBSCRIBER(SUBSCRIBERID, USERNAME, USERTYPE) VALUES(4, 'user4', 'NORMAL');
INSERT INTO SUBSCRIBER(SUBSCRIBERID, USERNAME, USERTYPE) VALUES(5, 'user5', 'NORMAL');

INSERT INTO TICKET(SUBSCRIBERID, STARTTIME, ENDTIME, HALLID) 
            VALUES(0, TO_DATE('2014-11-05 10:00:00', 'YYYY-MM-DD HH24:Mi:SS'), 
                      TO_DATE('2014-11-05 11:00:00', 'YYYY-MM-DD HH24:Mi:SS'), 0);
INSERT INTO TICKET(SUBSCRIBERID, STARTTIME, ENDTIME, HALLID) 
            VALUES(1, TO_DATE('2014-11-05 11:00:00', 'YYYY-MM-DD HH24:Mi:SS'), 
                      TO_DATE('2014-11-05 12:00:00', 'YYYY-MM-DD HH24:Mi:SS'), 1);
INSERT INTO TICKET(SUBSCRIBERID, STARTTIME, ENDTIME, HALLID) 
            VALUES(2, TO_DATE('2014-11-05 12:00:00', 'YYYY-MM-DD HH24:Mi:SS'), 
                      TO_DATE('2014-11-05 13:00:00', 'YYYY-MM-DD HH24:Mi:SS'), 2);
INSERT INTO TICKET(SUBSCRIBERID, STARTTIME, ENDTIME, HALLID) 
            VALUES(3, TO_DATE('2014-11-05 13:00:00', 'YYYY-MM-DD HH24:Mi:SS'), 
                      TO_DATE('2014-11-05 14:00:00', 'YYYY-MM-DD HH24:Mi:SS'), 3);
INSERT INTO TICKET(SUBSCRIBERID, STARTTIME, ENDTIME, HALLID) 
            VALUES(4, TO_DATE('2014-11-05 14:00:00', 'YYYY-MM-DD HH24:Mi:SS'), 
                      TO_DATE('2014-11-05 15:00:00', 'YYYY-MM-DD HH24:Mi:SS'), 4);
INSERT INTO TICKET(SUBSCRIBERID, STARTTIME, ENDTIME, HALLID) 
            VALUES(5, TO_DATE('2014-11-05 15:00:00', 'YYYY-MM-DD HH24:Mi:SS'), 
                      TO_DATE('2014-11-05 16:00:00', 'YYYY-MM-DD HH24:Mi:SS'), 5);                      